institution	canonical_name	institution_url	country
University of Montreal	Université de Montréal	https://www.umontreal.ca/en/	Canada
UC Berkeley	University of California, Berkeley: Home	https://www.berkeley.edu/	United States
Stanford University	Stanford University	https://www.stanford.edu/	United States
National Taiwan University	National Taiwan University	https://www.ntu.edu.tw/english/	Taiwan
Nanjing University	Nanjing University - 南京大学	https://www.nju.edu.cn/en/	China
MIT	MIT - Massachusetts Institute of Technology	https://web.mit.edu/	United States
Shanghai Jiao Tong University and Tsung-Dao Lee Institute	Home - Tsung-Dao Lee Institute - SJTU	https://tdli.sjtu.edu.cn/en	China
Courant Institute	Institute | NYU Courant	https://courant.nyu.edu/index.html	United States
Google DeepMind	Google DeepMind	https://deepmind.google/	
Tsinghua University	Tsinghua University	https://www.tsinghua.edu.cn/en/index.htm	China
Duke University	Duke University - Fueled by creativity, informed by scholarship	https://www.duke.edu/	United States
New York University	NYU - New York University	https://www.nyu.edu/	United States
National University of Singapore	NUS - National University of Singapore	https://nus.edu.sg/	Singapore
Université de Montréal	Université de Montréal	https://www.umontreal.ca/en/	Canada
Central South University	Central South University	https://en.csu.edu.cn/	China
Max Planck Institute for Astrophysics	Home | Max Planck Institute for Astrophysics	https://www.mpa-garching.mpg.de/	Germany
University of Oxford	University of Oxford	https://www.ox.ac.uk/	United Kingdom
Director, Max Planck Institute for Intelligent Systems & ELLIS Institute Tübingen	Schölkopf, Bernhard | Max-Planck-Gesellschaft	https://www.mpg.de/390909/intelligent-systems-tuebingen-schoelkopf	Germany
University of Illinois	University of Illinois at Urbana-Champaign	https://illinois.edu/	United States
Physical Intelligence	Physical Intelligence (π)	https://www.pi.website/	
Amazon FAR	Amazon FAR · GitHub	https://github.com/amazon-far	
Argonne National Lab	Argonne National Laboratory Homepage	https://www.anl.gov/	United States
The Hong Kong Polytechnic University	Top Innovative World-Class University in Hong Kong | PolyU	https://www.polyu.edu.hk/	Hong Kong
The Dow Chemical Company, University of Illinois at Urbana-Champaign	Dow Delivery Center | Research Park	https://researchpark.illinois.edu/dow-delivery-center/	United States
Carnegie Mellon University	Carnegie Mellon University | CMU	https://www.cmu.edu/	United States
Johannes Kepler University Linz	JKU - Johannes Kepler University Linz	https://www.jku.at/en	Austria
Edith Cowan University	Edith Cowan University | Creative thinkers made here	https://www.ecu.edu.au/	Australia
University of California	Home | University of California	https://www.universityofcalifornia.edu/	United States
University of Amsterdam	University of Amsterdam	https://www.uva.nl/en	Netherlands
Associate Professor, The University of Hong Kong	Mu He | SBMS - University of Hong Kong	https://www.sbms.hku.hk/staff/mu-he	Hong Kong
Shanghai Jiao Tong University	SJTU - Home - Shanghai Jiao Tong University	https://en.sjtu.edu.cn/	China
北京华夏春松科技有限公司	北京华夏春松科技有限公司 - 华夏春松 - 爱企查	https://aiqicha.baidu.com/company_detail_10045033597972?t=0	
National Cheng Kung University	NCKU, National Cheng Kung University - NCKU, 國立成功大學 National Cheng Kung ...	https://web.ncku.edu.tw/index.php?Lang=en	Taiwan
Nanyang Technological University	Nanyang Technological University - NTU Singapore	https://www.ntu.edu.sg/	Singapore
Michigan State Univ.	Michigan State University | Michigan State University	https://msu.edu/	United States
University of Toronto	University of Toronto	https://www.utoronto.ca/	Canada
Co-founder at BottleCap AI	David Herel - Co-Founder & AI Researcher at BottleCap AI	https://davidherel.com/	
Rice University	Rice University	https://www.rice.edu/	United States
Zhejiang University	Zhejiang University (ZJU)	https://www.zju.edu.cn/english/	China
University of Science and Technology of China	USTC - University of Science and Technology of China	http://en.ustc.edu.cn/	China
Northwest A & F University	www.nwa.com	http://www.nwa.com/home.html	
University of Washington	UW Homepage	https://www.washington.edu/	United States
LANL	Los Alamos National Laboratory	https://www.lanl.gov/	United States
Redmond	Redmond, WA | Official Website	https://www.redmond.gov/	United States
Jilin University	About - Jilin University	https://jilinuniversity.cn/about/	China
sensetime	SenseTime SenseNova Foundation Model Series	https://www.sensetime.com/en/	
Shenzhen Institutes of Advanced Technology, CAS	Shenzhen Institutes of Advanced Technology, Chinese Academy of Sciences	http://english.siat.cas.cn/	China
Renmin University of China	Renmin University of China	https://en.ruc.edu.cn/	China
University of California Los Angeles	A World Leader in Education and Research Excellence | UCLA	https://www.ucla.edu/	United States
University of Massachusetts Amherst	UMass Amherst : UMass Amherst	https://www.umass.edu/	United States
Formerly The University of Arizona	University of Arizona - Wikipedia	https://en.wikipedia.org/wiki/University_of_Arizona	
United States	United States - Wikipedia	https://en.wikipedia.org/wiki/United_States	
University of Cambridge	University of Cambridge	https://www.cam.ac.uk/	United Kingdom
UCLA	A World Leader in Education and Research Excellence | UCLA	https://www.ucla.edu/	United States
National University of Defense Technology	NUDT - National University of Defense Technology	https://english.nudt.edu.cn/	China
University of Toronto (starting July 1	UofT Academic Calendar 2026-2027: Important Dates	https://acadcalendar.com/uoft-academic-calendar/	
ETH Zurich	ETH Zurich - Homepage	https://ethz.ch/en.html	Switzerland
Fuzhou University and Shanghai University	Fuzhou University	https://www.shanghairanking.com/institution/Fuzhou-University	
Huazhong University of Science and Technology	Huazhong University of Science and Technology	https://english.hust.edu.cn/	China
Apple	Apple	https://www.apple.com/	
Jiangnan University	Jiangnan University	https://english.jiangnan.edu.cn/	China
Mila - Quebec AI Institute	Mila - Quebec Artificial Intelligence Institute	https://mila.quebec/en	
Institute of Community Health Care	Home - Institute for Community Health	https://icommunityhealth.org/	
Massachusetts Institute of Technology	MIT - Massachusetts Institute of Technology	https://web.mit.edu/	United States
Microsoft	Microsoft - AI, Cloud, Productivity, Computing, Gaming & Apps	https://www.microsoft.com/en-us	
student university of Michigan	Current Students › University of Michigan	https://umich.edu/current-students/	United States
TeleAI of China Telecom 中国电信人工智能研究院	中国电信人工智能研究院 (TeleAI)-天翼AI开放平台-中国电信	https://www.teleai.com.cn/product/AboutTeleAI	China
Prof. at HUST	hust.edu.cn - Huazhong University of Science and Technology	http://english.hust.edu.cn/	China
WSU	Washington State University | Washington State University	https://wsu.edu/	United States
St. Jude Children's Research Hospital	St. Jude Children's Research Hospital	https://www.stjude.org/	
Stanford University / NVIDIA	NVIDIA Program Guidelines - Stanford Online	https://online.stanford.edu/nvidia/program-guidelines	United States
University of Sydney, Australia	One of Australia's top universities - The University of Sydney	https://www.sydney.edu.au/	Australia
Ohio Eminent Scholar/Winbigler Chair Prof. The Ohio State University	Game Changer Scholars initiative attracts global leader in battery ...	https://engineering.osu.edu/news/2026/05/game-changer-scholars-initiative-attracts-global-leader-battery-innovation	United States
uum	Uum Portal	http://portal.uum.edu.my/	Malaysia
Professor, Tsinghua University	Faculty & Staff-Tsinghua University	https://www.tsinghua.edu.cn/en/Faculty___Staff.htm	China
The Chinese University of Hong Kong	The Chinese University of Hong Kong	https://www.cuhk.edu.hk/english/index.html	Hong Kong
University of Science & Technology of China	University of Agricultural and Horticultural Sciences, Shimoga	https://uahs.edu.in/	India
Distinguished Scientist at Microsoft	Sumit Gulwani - VP & Distinguished Scientist @ Microsoft - LinkedIn	https://www.linkedin.com/in/sumit-gulwani	
Westlake University	Westlake - A Research University & Global Campus	https://en.westlake.edu.cn/	China
Doctor of Chongqing Communication Institute	‪zhenyu.zhang‬ - ‪Google 学术搜索‬	https://scholar.google.com/citations?user=xbTiYi8AAAAJ&hl=zh-CN	
Xiamen University	Xiamen University	https://en.xmu.edu.cn/index.htm	China
Stealth Startup	Stealth Startup	https://stealth-startup.io/	
Yale University	Yale University	https://www.yale.edu/	United States
Harvard University	Harvard University	https://www.harvard.edu/	United States
Research scientist at Facebook AI Research	Meta Research	https://research.facebook.com/	
Google DeepMind & Mila	Google DeepMind	https://deepmind.google/	
UIUC	University of Illinois at Urbana-Champaign	https://illinois.edu/	United States
Institute of Metal Research	Institute of Metal Research, Chinese Academy of Sciences	http://english.imr.cas.cn/	China
University of Maryland at College Park	Academic Departments and Programs | University of Maryland	https://umd.edu/academic-departments-and-programs	United States
University of Pennsylvania	University of Pennsylvania	https://www.upenn.edu/	United States
Harvard University / Google Research	Google Scholar - Harvard Library	https://library.harvard.edu/services-tools/google-scholar	United States
Beijing Visual Science and Translational Eye Research Institute (BERI)	Beijing Visual Science and Translational Eye Research Institute ...	https://www.med.tsinghua.edu.cn/en/info/1036/2224.htm	China
Google Research	Google Scholar	https://scholar.google.com/	
GE Global Research	About : GE Global Research	https://www.geglobalresearch.com/ge-sub/about/	
Coder	Coder | Enterprise AI Development Infrastructure & Governance	https://coder.com/	
California Institute of Technology and NVIDIA	‪Anima Anandkumar‬ - ‪Google Scholar‬	https://scholar.google.com/citations?user=bEcLezcAAAAJ&hl=en	
South China University of Technology	South China University of Technology-South China University of Technology	https://www.scut.edu.cn/en/	China
KAIST	KAIST	https://www.kaist.ac.kr/en/	South Korea
Meta SuperIntelligence Labs	Meta Superintelligence Labs - Wikipedia	https://en.wikipedia.org/wiki/Meta_Superintelligence_Labs	
Genome Institute of Singapore	A*STAR Genome Institute of Singapore (A*STAR GIS)	https://www.a-star.edu.sg/gis/	Singapore
Alibaba Group	Alibaba.com: Manufacturers, Suppliers, Exporters & Importers from the ...	https://www.alibaba.com/	
Highly Cited Researcher	Highly Cited Researchers 2025 - Clarivate	https://clarivate.com/highly-cited-researchers/	
Beihang University	Beihang University	https://ev.buaa.edu.cn/	China
Copenhagen Business School	Applying for a bachelor programme? | CBS - Copenhagen Business School	https://www.cbs.dk/en	Denmark
Google DeepMind & University of Alberta	Google DeepMind	https://deepmind.google/	
Assistant Professor at CMU	Aditi Raghunathan - Homepage - CMU School of Computer Science	https://www.cs.cmu.edu/~aditirag/	United States
Ph.D student, CBNU	Chungbuk National University - CBNU	https://www.cbnu.ac.kr/english/index.do	South Korea
Meta	About Meta | Social Technology, VR, AR, and Innovation	https://www.meta.com/about/	
Institute of Computing Technology	Contact----Institute of Computing Technology - CAS	http://english.ict.cas.cn/about/con/	China
Griffith …	Griffith University	https://www.griffith.edu.au/	Australia
German	Germany - Wikipedia	https://en.wikipedia.org/wiki/Germany	
Professor, Courant Institute of Mathematical Sciences.	Faculty | NYU Courant - Courant Institute of Mathematical Sciences	https://cims.nyu.edu/dynamic/people/faculty/	United States
City University of Hong Kong	City University of Hong Kong (CityUHK)	https://www.cityu.edu.hk/	Hong Kong
Institute of Geology and Geophysics	Institute of Geology and Geophysics, Chinese Academy of Sciences	http://english.igg.cas.cn/	China
University of Oxford / Scientific Director	Michael Bronstein - Department of Computer Science	https://www.cs.ox.ac.uk/people/michael.bronstein/	United Kingdom
XTX Markets & University of Texas at Austin	Home | XTX Markets	https://www.xtxmarkets.com/	
Max Planck Institute for Intelligent Systems	Max Planck Institute for Intelligent Systems	https://is.mpg.de/en	Germany
Microsoft Research	Microsoft Research - Emerging Technology, Computer, & Software Research	https://www.microsoft.com/en-us/research/	
University of Illinois at Urbana–Champaign	University of Illinois at Urbana-Champaign	https://illinois.edu/	United States
Shandong …	Shandong - Wikipedia	https://en.wikipedia.org/wiki/Shandong	
University Foundation Professor of Computer Science and Engineering	Jiliang Tang	https://cse.msu.edu/~tangjili/	United States
Beijing Jiaotong University	Beijing Jiaotong University - BJTU	https://en.bjtu.edu.cn/AboutBJTU/index.htm	China
Cornell University	Cornell University	https://www.cornell.edu/	United States
University of Maryland	Our Research Changes Lives | University of Maryland	https://umd.edu/	United States
University of Toronto and Vector Institute	Vector Institute	https://vectorinstitute.ai/	
NVIDIA	World Leader in Artificial Intelligence Computing | NVIDIA	https://www.nvidia.com/en-us/	
UC San Diego	University of California San Diego	https://ucsd.edu/	United States
Love Vashikaran Astrology	How to Use Vashikaran for Love: A Guide from an Expert Astrologer	https://infospiritual.com/how-to-use-vashikaran-for-love-a-guide-from-an-expert-astrologer/	
Swinburne University of Technology	Swinburne University of Technology | Melbourne | Australia	https://www.swinburne.edu.au/	Australia
University of Colorado Boulder	Home | University of Colorado Boulder	https://www.colorado.edu/	United States
Stanford	Stanford University	https://www.stanford.edu/	United States
The University of …	Karnataka - BANGALORE UNIVERSITY, BENGALURU - Index	https://bangaloreuniversity.karnataka.gov.in/	India
Staff engineer of Mentor Graphics	Yibing Dong - Sr. Staff Engineer at Mentor Graphics | LinkedIn	https://www.linkedin.com/in/yibing-dong-6a7140b	
University of Wollongong	University of Wollongong - UOW - A world-class University	https://www.uow.edu.au/	Australia
The Pennsylvania State University	The Pennsylvania State University	https://www.psu.edu/	United States
Technical University of Munich	TUM. The Entrepreneurial - Technical University of Munich	https://www.tum.de/en/	Germany
FAIR at Meta	AI Research: Introducing Muse Spark - AI at Meta	https://ai.meta.com/research/	
Professor at University of Illinois Urbana-Champaign	Faculty Listing - University of Illinois Urbana-Champaign	https://directory.illinois.edu/facultyListing	United States
Princeton University	Home | Princeton University	https://www.princeton.edu/	United States
HKUST	HKUST	https://hkust.edu.hk/	Hong Kong
Professor of Physics	People: Department of Physics- IISc Bangalore	https://physics.iisc.ac.in/faculty-all/	India
Tsinghua Univerisity	Tsinghua University	https://www.tsinghua.edu.cn/en/index.htm	China
University of Macau	University of Macau	https://www.um.edu.mo/	
EPFL	EPFL	https://www.epfl.ch/en/	Switzerland
The Alan Turing Institute	About us - The Alan Turing Institute	https://www.turing.ac.uk/about-us	United Kingdom
Sun Yat-Sen (Zhongshan) University	中山大学 Sun Yat-sen University	https://www.sysu.edu.cn/sysuen/	China
Shell	Shell Global	https://www.shell.com/	
Texas A&M University	Texas A&M University	https://www.tamu.edu/	United States
The Hong Kong University of Science and Technology	The Hong Kong University of Science and Technology |World's Top 50 ...	https://hkust.edu.hk/	Hong Kong
City University of HK	City University of Hong Kong (CityUHK)	https://www.cityu.edu.hk/	Hong Kong
University of Southern California	University of Southern California	https://www.usc.edu/	United States
University of Rochester	University of Rochester | Where Wonder Fuels Discovery	https://www.rochester.edu/	United States
Chinese Academy of Meteorological Sciences	Chinese Academy of Meteorological Sciences	https://www.camscma.cn/en.html	China
University of the Chinese Academy of Sciences	Home - University of Chinese Academy of Sciences	https://english.ucas.ac.cn/index.php	China
Vice President, AWS AI	Swami Sivasubramanian - VP, AWS Agentic AI | LinkedIn	https://www.linkedin.com/in/swaminathansivasubramanian	
UCSD	University of California San Diego	https://ucsd.edu/	United States
Fudan University & Shanghai Innovation Institute & Mosi.AI	Fudan University - 复旦大学	https://www.fudan.edu.cn/en/	China
Inc.	Inc. | Tech and Business News for Entrepreneurs and Leaders	https://www.inc.com/	
Professor @ Edinburgh University	People - The University of Edinburgh	https://www.ed.ac.uk/about/people	United Kingdom
Université de Montréal)	Université de Montréal	https://www.umontreal.ca/en/	Canada
CCDS	Certified Clinical Documentation and Certification | ACDIS	https://acdis.org/certification	
Rachleff University Professor, University of Pennsylvania	Rachleff University Professor | Endowed Professorships | Perelman ...	https://www.med.upenn.edu/endowedprofessorships/rachleff-university-professor.html	United States
Harbin Institute of Technology (Shenzhen)	2025 HITSZ International Students Prospectus-Graduate Programs	http://en.hitsz.edu.cn/info/1125/1545.htm	China
Director of Industrial Catalysis Center at Tsinghua & Honorary Professor at UCL	TANG Junwang-Department of Chemical Engineering, Tsinghua University	https://www.chemeng.tsinghua.edu.cn/en/info/1046/1273.htm	China
Blanton Eye Institute	Houston Methodist Department of Ophthalmology — Blanton Eye Institute	https://www.houstonmethodist.org/for-health-professionals/department-programs/blanton-eye-institute/	
Distinguished AI Scientist at Meta Inc.	Akhil Mathur - AI at Meta	https://ai.meta.com/people/1251205439201018/akhil-mathur/	
UC Irvine	UC Irvine	https://uci.edu/	United States
Professor of Electrical Engineering @ Technion & Researcher @ Nvidia	Faculty Members - Faculty of Electrical And Computer Engineering - Technion	https://ece.technion.ac.il/research/faculty-members/	Israel
CSIRO and University of New South Wales	CSIRO - Commonwealth Scientific and Industrial Research Organisation ...	https://www.csiro.au/	Australia
University Maryland College Park	Our Research Changes Lives | University of Maryland	https://umd.edu/	United States
A*STAR	Agency for Science, Technology and Research (A*STAR)	https://www.a-star.edu.sg/	Singapore
MIT-IBM Watson AI Lab	MIT-IBM Watson AI Lab	https://mitibm.mit.edu/	United States
Microsoft GenAI	Generative AI | Microsoft Learn	https://learn.microsoft.com/en-us/ai/playbook/technology-guidance/generative-ai/	
National Institutes of Health	National Institutes of Health (NIH)	https://nih.gov/%22	United States
TokenRhythm Technologies	TOKENRHYTHM Trademark Application of Shanghai TokenRhythm Technologies ...	https://trademarks.justia.com/998/28/tokenrhythm-99828860.html	
Allen Institute for AI	Ai2: Truly open breakthrough AI	https://allenai.org/	
RPI-IBM AIRC	Future of Computing Research Collaboration | Rensselaer Polytechnic ...	https://fcrc.rpi.edu/	United States
Peking University	pku.edu.cn - Peking University	https://english.pku.edu.cn/index.html	China
Agricultural Genomics Institute at Shenzhen	Agricultural Genomics Institu at Shenzhen Chinese Academy of ... - CAAS	https://agis.caas.cn/en/	China
Professor, Computer Science, University of British Columbia	Faculty | Computer Science at UBC - University of British Columbia	https://www.cs.ubc.ca/people/faculty	Canada
meituan	Meituan - We help people eat better, live better - 美团网	https://www.meituan.com/en-US/about-us	
Institute of High Energy Physics	Institute of High Energy Physics, Chinese Academy of Sciences	https://english.ihep.cas.cn/	China
Wuhan University / CSIRO Environment / Flinders University	‪Lu Zhang‬ - ‪Google Scholar‬	https://scholar.google.com/citations?user=DLeqensAAAAJ&hl=en	
CISPA Helmholtz Center	Home CISPA Helmholtz Center for Information Security	https://cispa.de/en	Germany
Institute of Chemistry	Indian Institute of Science - Inorganic and Physical Chemistry	https://ipc.iisc.ac.in/	India
University of Illinois at Urbana …	University of Illinois at Urbana-Champaign	https://illinois.edu/	United States
Google	Google India	https://www.google.co.in/	India
University of Cambridge and Flower Labs	We are delighted to announce Flower, working with the University of ...	https://www.linkedin.com/posts/flwrlabs_we-are-delighted-to-announce-flower-working-activity-7292927520268587009-QMoZ	
Meta MRS Research	Research Engineer, MRS AI - Meta Careers	https://www.metacareers.com/profile/job_details/2940269159502936/	
Harbin Institute of Technology	Harbin Institute of Technology	http://en.hit.edu.cn/main.htm	China
Kyung Hee University	Kyung Hee University - 경희대학교	https://www.khu.ac.kr/eng/user/main/view.do	South Korea
Tel Aviv University	Tel Aviv University	https://english.tau.ac.il/	Israel
Professor at University of New South Wales	Staff - UNSW Sydney	https://www.unsw.edu.au/staff	Australia
PhD, Stanford	Graduate Admissions	https://gradadmissions.stanford.edu/	United States
University of Sydney	One of Australia's top universities - The University of Sydney	https://www.sydney.edu.au/	Australia
EleutherAI	EleutherAI	https://www.eleuther.ai/	
Tsinghua Univ. (AIR)，Microsoft	AIR - Tsinghua University	https://air.tsinghua.edu.cn/en/	China
University of Virginia	The University of Virginia	https://www.virginia.edu/	United States
Soochow University	Soochow University	http://eng.suda.edu.cn/	China
Beijing Academy of Artificial Intelligence	BAAI Innovation Center	https://www.baai.ac.cn/en/about-us	China
Allen Institute for AI (AI2)	Ai2: Truly open breakthrough AI	https://allenai.org/	
The University of North Carolina at Chapel Hill	The University of North Carolina at Chapel Hill	https://www.unc.edu/	United States
Associate Professor of EECS & Statistics at UC Berkeley	Person Role: Faculty - MIT EECS	https://www.eecs.mit.edu/role/faculty/	United States
Ex Senior Researcher, Microsoft Research	Research Careers - Microsoft Research	https://www.microsoft.com/en-us/research/careers/	
Northwestern …	Northwestern University	https://www.northwestern.edu/	United States
Shenzhen MSU-BIT University	Shenzhen MSU-BIT University	https://en.smbu.edu.cn/	China
Centers for Disease Control and Prevention	Centers for Disease Control and Prevention | CDC	https://www.cdc.gov/	United States
Los Alamos National Laboratory	Los Alamos National Laboratory	https://www.lanl.gov/	United States
Recursive Superintelligence Inc	Recursive	https://www.recursive.com/	
Eindhoven University of Technology	Eindhoven University of Technology	https://www.tue.nl/en/	Netherlands
London School of Hygiene and Tropical Medicine	The London School of Hygiene & Tropical Medicine | LSHTM	https://www.lshtm.ac.uk/	United Kingdom
PhD Supervisor @ University of Oxford	Approaching PhD Supervisors | Oxford University Careers Service	https://www.careers.ox.ac.uk/approaching-phd-supervisors	United Kingdom
Associate Professor, University of Minnesota	Faculty & instructor directory | Department of Computer Science ...	https://cse.umn.edu/cs/faculty-instructor-directory	United States
Scientific Director, INSAIT, Sofia University	INSAIT | Institute for Computer Science, Artificial Intelligence and ...	https://insait.ai/	
New York State Institute for Basic Research in Developmental Disabilities	Institute for Basic Research in Developmental Disabilities	https://opwdd.ny.gov/institute-basic-research-developmental-disabilities	United States
Google Brain	Google Brain Team	https://research.google.com/teams/brain/?hl=EN	
Alibaba DAMO Academy	DAMO Academy - Alibaba	https://damo.alibaba.com/?language=en	
Sun Yat-sen University	中山大学 Sun Yat-sen University	https://www.sysu.edu.cn/sysuen/	China
Western University	Western University	https://www.uwo.ca/	Canada
Institute of Automation	CAS - Institute of Automation	http://english.ia.cas.cn/	China
UC Davis (see my DBLP for recent publications)	‪Junshan Zhang‬ - ‪Google Scholar‬	https://scholar.google.com/citations?user=UtAdFs8AAAAJ&hl=en	
Subharti Medical College Meerut	Subharti Medical College	https://medical.subharti.org/	
Wuhan University. Previously Renmin U. of China. Peking U. and UPenn	‪Rui Yan (严睿)‬ - ‪Google Scholar‬	https://scholar.google.com/citations?user=eLw6g-UAAAAJ&hl=en	
ICT Endowed Chair Professor	Jinwoo Shin - KAIST	https://alinlab.kaist.ac.kr/shin.html	South Korea
University College London	Welcome to UCL | University College London	https://www.ucl.ac.uk/	United Kingdom
Member of Technical Staff	291 Member Technical Staff jobs in India	https://in.linkedin.com/jobs/member-technical-staff-jobs	
Adobe Research	Adobe Research	https://research.adobe.com/	
EPFL. Amazon Scholar (AGI Foundations).	‪Volkan Cevher‬ - ‪Google Scholar‬	https://scholar.google.com/citations?user=hlWhzU8AAAAJ&hl=en	
École polytechnique fédérale de Lausanne	EPFL	https://www.epfl.ch/	Switzerland
Sony	Sony Electronics - Televisions, Audio, Cameras, Mobile, Video Cameras	https://electronics.sony.com/	
Shandong University	Shandong University	https://www.en.sdu.edu.cn/	China
The University of Texas at Austin	The University of Texas at Austin	https://www.utexas.edu/	United States
Beijing Univ of Aeronautics and …	Beihang University - Wikipedia	https://en.wikipedia.org/wiki/Beihang_University	
University of Michigan	University of Michigan	https://umich.edu/	United States
University of Melbourne & Mohamed bin Zayed University of Artificial Intelligence	The University of Melbourne - Australia's #1 Ranked University	https://www.unimelb.edu.au/	Australia
UNC Chapel Hill	The University of North Carolina at Chapel Hill	https://www.unc.edu/	United States
Indian Institute of Technology Bombay	Academic Homepage - Indian Institute of Technology Bombay	https://www.iitb.ac.in/acad/index.html	India
Research scientist at Inria	Scientific research - Inria	https://www.inria.fr/en/scientific-research	France
A*STAR/SMU	SMU-A*STAR Joint Lab in Social and Human-Centered Computing | SMU ...	https://site.smu.edu.sg/sajl	Singapore
Switzerland	Switzerland - Wikipedia	https://en.wikipedia.org/wiki/Switzerland	
Indiana University	Indiana University - Bring On Tomorrow: Solving tomorrow's problems today	https://www.iu.edu/index.html	United States
California Institute of Technology	California Institute of Technology	https://www.caltech.edu/	United States
Member of technical staff @ Anthropic	Member of Technical Staff at Anthropic (2026): Levels, Comp, Interview ...	https://resumegeni.com/blog/data-scientist/at-anthropic	
Visiting Researcher @INFK,ETHz	Visiting Researchers & Interns - Professorship for Security, Privacy ...	https://spg.ethz.ch/group/people/academic-guests-.html	Switzerland
DeepAuto	DeepAuto — AI-First Enterprise Transformation	https://deepauto.ai/	
Technical University of Munich (TUM)	TUM. The Entrepreneurial - Technical University of Munich	https://www.tum.de/en/	Germany
Researcher & Entrepreneur	Get started with Researcher in Microsoft 365 Copilot	https://support.microsoft.com/en-us/Microsoft-365-Copilot/get-started-with-researcher-in-microsoft-365-copilot	
CA	California State Portal | CA.gov	https://www.ca.gov/	United States
Georgia Tech	Georgia Institute of Technology	https://www.gatech.edu/	United States
reasercher	Researcher Searcher	https://www.rsearcher.com/home	
University of Dundee	University of Dundee, UK, Scotland, United Kingdom	https://www.dundee.ac.uk/	United Kingdom
Assistant Professor, Harvard University	Descriptions: Assistant Professor, Associate Professor, Convertible ...	https://academic-appointments.fas.harvard.edu/descriptions-assistant-professor-associate-professor-convertible-instructor-0	United States
Caltech	Home - www.caltech.edu	https://www.caltech.edu/	United States
Google & University of Pennsylvania (EE	Google India	https://www.google.co.in/	India
Georgia Institute of Technology	Georgia Institute of Technology	https://www.gatech.edu/	United States
Huawei Noah's Ark Lab/Tianjin University	Huawei-Tianjin University AI Innovation Lab Unveiled-Tianjin University	https://en.tju.edu.cn/info/1010/7709.htm	China
Southeast University	Southeastern University - Southeastern University	https://seu.edu/	United States
Fudan University	Fudan University - 复旦大学	https://www.fudan.edu.cn/en/	China
UCSF	Home | UC San Francisco	https://www.ucsf.edu/	United States
Brookhaven National Laboratory	Brookhaven National Laboratory — a passion for discovery	https://www.bnl.gov/	United States
Microsoft AI Superintelligence	Towards Humanist Superintelligence | Microsoft AI	https://microsoft.ai/news/towards-humanist-superintelligence/	
Research Professor of Pediatrics, University of Washington	Educating the Pediatric Leaders of Tomorrow | UW Pediatrics	https://www.peds.uw.edu/	United States
Associate Professor at Northwestern University	Lab Members: Abdel Mohsen Lab: Feinberg School of Medicine	https://labs.feinberg.northwestern.edu/abdel-mohsen/members/index.html	United States
Constructor University	Constructor University | Constructor University	https://constructor.university/	
Johannes Kepler University (JKU) Linz	JKU - Johannes Kepler University Linz	https://www.jku.at/en	Austria
UMass Amherst	UMass Amherst	https://www.umass.edu/	United States
Department of Biomedical Engineering …	Department of Bioengineering | BE IISc	https://be.iisc.ac.in/	India
Indian Institute of Technology	Indian Institutes of Technology - Wikipedia	https://en.wikipedia.org/wiki/Indian_Institutes_of_Technology	
University of Exeter	University of Exeter | A Top Worldwide University	https://www.exeter.ac.uk/	United Kingdom
Facebook AI	AI at Meta: Meta AI Products, Models and Research | AI at Meta	https://ai.meta.com/	
The University of Tokyo	The University of Tokyo	https://www.u-tokyo.ac.jp/en/	Japan
The Ohio State University	Welcome to Ohio State - The Ohio State University	https://www.osu.edu/	United States
Phenikaa University	Đại học PHENIKAA - Phenikaa University	https://phenikaa-uni.edu.vn/en	
University of Pittsburg Medical Center	UPMC: #1 Ranked Hospital in Pittsburgh	https://www.upmc.com/	
Researcher at Shanghai AI Laboratory	About Me - Ming Zhou	https://www.mingzak.com/	
Advanced R&D at Adeia	Welcome | Advanced R	https://adv-r.hadley.nz/	New Zealand
University of Waterloo	Home | University of Waterloo	https://uwaterloo.ca/	Canada
Institute of AI for Industries	About us - Institute of AI	https://www.institute-of-ai.org/about-us/	
UCL	UEFA Champions League	https://www.uefa.com/uefachampionsleague/	
Purdue University	Purdue University	https://www.purdue.edu/	United States
Virginia Tech	Home | Virginia Tech	https://www.vt.edu/	United States
AWS	Cloud Computing Services - Amazon Web Services (AWS)	https://aws.amazon.com/	
Hong Kong Polytechnic University	Top Innovative World-Class University in Hong Kong | PolyU	https://www.polyu.edu.hk/	Hong Kong
Johns Hopkins University	Johns Hopkins University	https://www.jhu.edu/	United States
Politecnico di Milano	Politecnico di Milano - polimi	https://www.polimi.it/en/	Italy
Miguel de Cervantes European University …	UEMC - Universidad Europea Miguel de Cervantes	https://www.uemc.es/	Spain
KTH	KTH - Sweden's largest technical university | KTH	https://www.kth.se/en	Sweden
xAI	xAI — Creators of Grok, the AI Chatbot	https://x.ai/	
Innopolis University	Innopolis University	https://innopolis.university/en/	
Singapore Management University	Home | Singapore Management University (SMU)	https://www.smu.edu.sg/	Singapore
Institute of Biophysics	Indian Institute of Science - Molecular Biophysics Unit	http://mbu.iisc.ac.in/	India
Shantou University	STU - Shantou University at a Glance	http://english.stu.edu.cn/	China
NY	The New York Times - Breaking News, US News, World News and Videos	https://www.nytimes.com/	
Hong Kong University of Science and Technology	The Hong Kong University of Science and Technology |World's Top 50 ...	https://hkust.edu.hk/	Hong Kong
Operations and Statistics at NYU Stern	TOPS Dept - NYU Stern	https://www.stern.nyu.edu/experience-stern/about/departments-centers-initiatives/academic-departments/tops	United States
Assistant Professor of Electrical and Computer Engineering at University of Texas at Austin	Faculty Directory | Texas ECE - Electrical & Computer Engineering at UT ...	https://ece.utexas.edu/people/faculty	United States
KAIST Computer Science	KAIST School of Computing, 카이스트 전산학부 - 컴퓨터공학과 컴퓨터과학(Computer Science ...	https://cs.kaist.ac.kr/	South Korea
Tufts University	Tufts University	https://www.tufts.edu/	United States
Research Scientist at NVIDIA Research	Careers for Research Scientists - NVIDIA	https://www.nvidia.com/en-us/research/research-scientists/	
浙江大学	浙江大学	https://www.zju.edu.cn/	China
Independent currently	The Independent | Latest news and features from US, UK and worldwide	https://www.independent.co.uk/	United Kingdom
Yonsei University College of Medicine	Yonsei University College of Medicine	https://medicine.yonsei.ac.kr/medicine-en/index.do	South Korea
Datadog & Salesforce Research	Cloud Monitoring as a Service | Datadog	https://www.datadoghq.com/	
Southern University of Science and Technology (SUSTech)	The SUSTech Daily - 南方科技大学	https://www.sustech.edu.cn/en/	China
BUPT	BUPT - Beijing University Of Posts and Telecommunications	https://english.bupt.edu.cn/	China
Shanghai AI Lab	首页 - 上海人工智能实验室	https://www.shlab.org.cn/	China
Hangzhou Normal University	Hangzhou Normal University	https://english.hznu.edu.cn/	China
UC Berkeley and UCSF	Joint Medical Program | UC Berkeley Public Health	https://publichealth.berkeley.edu/academics/joint-medical-program	United States
Massachusetts General Hospital	Massachusetts General Hospital	https://www.massgeneral.org/	
The University of Hong Kong	The University of Hong Kong (HKU)	https://www.hku.hk/	Hong Kong
Ecole polytechnique	École polytechnique	https://www.polytechnique.edu/en	United States
University of Liverpool	University of Liverpool	https://www.liverpool.ac.uk/	United Kingdom
University of Toledo	University of Toledo	https://www.utoledo.edu/	United States
Max Planck Institute	Max Planck Institutes and Experts | Max-Planck-Gesellschaft	https://www.mpg.de/institutes	Germany
ex MIT-IBM Watson AI Lab	MIT-IBM Watson AI Lab	https://mitibm.mit.edu/	United States
PhD Candidate @ University of Washington	Degree Type: Doctoral Students - UW Graduate School	https://grad.uw.edu/degree_type/doctoral-students/	United States
University of Tübingen and Max Planck Institute for Intelligent Systems	Max Planck Institute for Intelligent Systems	https://is.mpg.de/	Germany
Associated Professor at Shanghai University	Arnab Chakraborty-上海大学文学院	https://cla.shu.edu.cn/info/1052/48878.htm	China
Rutgers University	Rutgers University	https://www.rutgers.edu/	United States
Dongyang University	Dongyang University - Wikipedia	https://en.wikipedia.org/wiki/Dongyang_University	
Shenzhen Institue of Big Data	Home | SRIBD官网	https://www.sribd.cn/en	China
Assistant Professor at University of Washington	Academic Jobs - Academic Personnel & Faculty	https://ap.washington.edu/ahr/academic-jobs/	United States
Mohamed bin Zayed University of Artificial Intelligence	MBZUAI - Mohamed bin Zayed University of Artificial Intelligence	https://mbzuai.ac.ae/	United Arab Emirates
Mckinsey & Company	Global management consulting | McKinsey & Company	https://www.mckinsey.com/	
Guangdong University of Technology	Guangdong University of Technology	https://english.gdut.edu.cn/	China
MBZUAI	MBZUAI - Mohamed bin Zayed University of Artificial Intelligence	https://mbzuai.ac.ae/	United Arab Emirates
Zhejiang University & Westlake University	Zhejiang University (ZJU)	https://www.zju.edu.cn/english/	China
Samsung Electronics	Samsung US | Mobile | TV | Home Electronics | Home Appliances | Samsung US	https://www.samsung.com/us/	
Institute of Nanoscience and Technology (INST)	Institute of Nano Science and Technology	https://inst.ac.in/	India
Jump Trading	Jump Trading	https://www.jumptrading.com/	
Simon Fraser University	Simon Fraser University	https://www.sfu.ca/	Canada
The University of Texas	The University of Texas at Austin	https://www.utexas.edu/	United States
ETH Zürich	ETH Zurich - Homepage | ETH Zurich - ETH Zürich	https://ethz.ch/en.html	Switzerland
Toyota Research Institute	Homepage | Toyota Research Institute	https://www.tri.global/	
University of Western Ontario	Western University	https://www.uwo.ca/	Canada
AI Researcher	AI-Researcher	https://autoresearcher.github.io/	
Jiangsu University	Home--Jiangsu University	https://eng.ujs.edu.cn/	China
Northwestern University	Northwestern University	https://www.northwestern.edu/	United States
Faculty@ELLIS Institute Tübingen & MPI for Intelligent Systems	ELLIS Institute Tübingen	https://institute-tue.ellis.eu/	
University of California San Diego	University of California San Diego	https://ucsd.edu/	United States
Redwood Research	Redwood Research	https://www.redwoodresearch.org/	
University of Edinburgh	The University of Edinburgh	https://www.ed.ac.uk/	United Kingdom
Johnson and Johnson Vision	Clear Vision For You | Johnson & Johnson Vision	https://www.jjvision.com/	
Computer Science Ph.D. at Stanford University	PhD Admissions - Computer Science	https://www.cs.stanford.edu/admissions/phd-admissions	United States
Associate Professor at Technion - Israel Institute of Technology	Associate Prof. Vadim Indelman - T3	https://t3.technion.ac.il/researcher/indelman-vadim/	Israel
Research Scientist at OpenAI	Research Scientist - OpenAI	https://openai.com/careers/research-scientist/	
University of Illinois at Urbana-Champaign	University of Illinois at Urbana-Champaign	https://illinois.edu/	United States
North Carolina State University	North Carolina State University	https://www.ncsu.edu/	United States
Beijing Institute of Technology	Beijing Institute of Technology	https://english.bit.edu.cn/	China
Johns Hopkins University Applied Physics Labs	Johns Hopkins University Applied Physics Laboratory	https://www.jhuapl.edu/	United States
OpenAI	OpenAI | Research & Deployment	https://openai.com/	
VIT UNIVERSITY	Top Engineering Institution in India | India's Leading University	https://vit.ac.in/	India
Thinking Machines Lab	Thinking Machines Lab	https://thinkingmachines.ai/	
University of Central Florida	University of Central Florida | Florida's Technological University	https://www.ucf.edu/	United States
IBM	IBM	https://www.ibm.com/	
Zhejiang Ocean University	浙江海洋大学	http://www.zjou.edu.cn/	China
MIRAI	2026 Mirai - Toyota.com	https://www.toyota.com/mirai/	
University of Minnesota at Twin Cities	University of Minnesota Twin Cities	https://twin-cities.umn.edu/	United States
KAIST Kim Jaechul Graduate School of AI	Kaist Ai	https://gsai.kaist.ac.kr/	South Korea
Technical University of Dresden	Technische Universität Dresden — TU Dresden	https://tu-dresden.de/?set_language=en	Germany
Courant Institute of Mathematical Sciences	Institute | NYU Courant	https://cims.nyu.edu/	United States
Harvard University / NTT …	New Fellowship Program with Center for Brain Science - Harvard ...	https://www.mcb.harvard.edu/department/news/new-fellowship-program-with-center-for-brain-science/	United States
Eurofins Microbiology	Microbiology Testing Laboratories - Eurofins USA	https://www.eurofinsus.com/food-testing/services/testing-services/microbiology/	
Institute of AI	About us - Institute of AI	https://www.institute-of-ai.org/about-us/	
Iowa State University	Iowa State University	https://www.iastate.edu/	United States
Associate Professor at Concordia University and Mila Quebec AI Institute	Mirco Ravanelli - Concordia University	https://www.concordia.ca/faculty/mirco-ravanelli.html	Canada
Tencent Hunyuan	Tencent Hunyuan video	https://aivideo.hunyuan.tencent.com/	
Arizona State University	ASU Homepage | Arizona State University	https://www.asu.edu/	United States
Université Gustave-Eiffel (Paris-Est)	Université Gustave Eiffel	https://www.univ-gustave-eiffel.fr/	France
ByteDance Seed	ByteDance Seed	https://seed.bytedance.com/en/	
Novo Nordisk A/S	Novo Nordisk	https://www.novonordisk.com/	
Institute for Protein Design	University of Washington - Institute for Protein Design	https://www.ipd.uw.edu/	United States
Emory University	Home | Emory University	https://www.emory.edu/	United States
Goodfire AI	Goodfire AI	https://www.goodfire.ai/	
IIT-KGP	Indian Institute of Technology Kharagpur | IIT KGP	https://www.iitkgp.ac.in/	India
VinUniversity	VinUniversity	https://vinuni.edu.vn/	
Meissa	Meissa - Wikipedia	https://en.wikipedia.org/wiki/Meissa	
Huawei Cloud	HUAWEI Mobile Cloud - Secure storage for your data	https://cloud.huawei.com/	
Technical University of Munich (TUM) & German Aerospace Center (DLR)	TUM. The Entrepreneurial - Technical University of Munich	https://www.tum.de/en/	Germany
ENS de Lyon & EPFL	Page d'accueil du site | École normale supérieure de Lyon	https://www.ens-lyon.fr/	France
Anthropic	Home \ Anthropic	https://www.anthropic.com/	
Basic Research of Artificial Intelligence Lab	Fundamental Research - Matsuo-Iwasawa Laboratory, The University of ...	https://weblab.t.u-tokyo.ac.jp/en/fundamental-research/	Japan
University of Maryland, College Park	Our Research Changes Lives | University of Maryland	https://umd.edu/	United States
CMU	Carnegie Mellon University | CMU	https://www.cmu.edu/	United States
Sungkyunkwan University	Sungkyunkwan University - 성균관대학교	https://www.skku.edu/eng/index.do	United States
Yunnan University of Finance and …	Yunnan University of Finance and Economics	https://www.ynufe.edu.cn/en/	China
University of Bristol	Homepage | University of Bristol	https://www.bristol.ac.uk/	United Kingdom
University of Guelph	University of Guelph - Improve Life	https://www.uoguelph.ca/	Canada
MSR India	Microsoft Research Lab - India	https://www.microsoft.com/en-us/research/lab/microsoft-research-india/	
IBM Research	IBM Research	https://research.ibm.com/	
Senior Lecturer at Technion	People | Faculty | The Taub Faculty of Computer Science, Technion	https://www.cs.technion.ac.il/people/faculty/index.php?index=names	Israel
Babol noshirvani university of technology	Babol Noshirvani University of Technology	https://nit.ac.ir/en	Iran
Oregon State University	Oregon State University	https://oregonstate.edu/	United States
西安交通大学	西安交通大学	https://www.xjtu.edu.cn/	China
UT Austin	The University of Texas at Austin	https://www.utexas.edu/	United States
PhD Student at ETH Zurich	Doctorate | ETH Zurich	https://ethz.ch/en/doctorate.html	Switzerland
Ecole Nationale Des Ponts	L'École nationale des ponts et chaussées - École des Ponts ParisTech	https://ecoledesponts.fr/lecole	France
Yonsei University	YONSEI University, Seoul, Korea	https://www.yonsei.ac.kr/en_sc/index.do	South Korea
LG Electronics	LG Electronics & Home Appliances | Shop Now | LG USA	https://www.lg.com/us/	
Sichuan University	Sichuan University	https://en.scu.edu.cn/	China
After Thought	AFTERTHOUGHT Definition & Meaning - Merriam-Webster	https://www.merriam-webster.com/dictionary/afterthought	
ZJU	Zhejiang University (ZJU)	https://www.zju.edu.cn/english/	China
Bytedance Seed	ByteDance Seed	https://seed.bytedance.com/en/	
Huawei	Huawei - Building a Fully Connected, Intelligent World	https://www.huawei.com/en/	
National Chiao Tung University	National Chiao Tung University - Wikipedia	https://en.wikipedia.org/wiki/National_Chiao_Tung_University	
NMBU and University of Oslo	Frontpage | NMBU	https://www.nmbu.no/en	Norway
University of Chinese Academy of Sciences (UCAS)	Home - University of Chinese Academy of Sciences	https://english.ucas.edu.cn/	China
CISPA Helmholtz Center for Information Security	Home CISPA Helmholtz Center for Information Security	https://cispa.de/en	Germany
Tianjin University	Tianjin University	https://en.tju.edu.cn/	China
Technion	Home - הטכניון-מכון טכנולוגי לישראל - Technion	https://www.technion.ac.il/en/	Israel
Concordia University & Mila	Concordia University	https://www.concordia.ca/	Canada
Shandong Technology and Business University	Shandong Institute of Business And Technology	https://en.sdtbu.edu.cn/	China
University of Wisconsin - Madison	University of Wisconsin-Madison	https://www.wisc.edu/	United States
Moscow Institute of Physics and Technology	MIPT - Moscow Institute of Physics and Technology	https://eng.mipt.ru/	Russia
Columbia University	Columbia University in the City of New York	https://www.columbia.edu/	United States
ML Researcher	ML Scientist | ML PhD, Postdoc and Conference Opportunities	https://mlscientist.com/	
Shenzhen Research Institute of Big Data	Home | SRIBD官网	https://www.sribd.cn/en	China
Google Deepmind	Google DeepMind	https://deepmind.google/	
Skolkovo Institute of Science and Technology	Main | Сколтех	https://www.skoltech.ru/en/	Russia
University of Illinois Urbana-Champaign	University of Illinois at Urbana-Champaign	https://illinois.edu/	United States
南京大学	南京大学	https://www.nju.edu.cn/	China
Virginia Commonwealth University	Virginia Commonwealth University	https://www.vcu.edu/	United States
epfl	EPFL	https://www.epfl.ch/en/	Switzerland
Harvard TH Chan School of Public Health	Home | Harvard T.H. Chan School of Public Health	https://hsph.harvard.edu/	United States
Postdoctoral Researcher at CISPA Helmholtz Center for Information Security	Postdoctoral Researchers | CISPA Career	https://career.cispa.de/postdocs	Germany
PhD student at the Swiss AI Lab (IDSIA USI-SUPSI)	Home - PhD School - SUPSI	https://www.phd-datascience-ai.usi-supsi.ch/	Switzerland
Post doc at UNC Chapel Hill	Office of Postdoctoral Affairs - UNC Research	https://research.unc.edu/postdocs/	United States
Independent	The Independent | Latest news and features from US, UK and worldwide	https://www.independent.co.uk/	United Kingdom
University of California Berkeley	University of California, Berkeley: Home	https://www.berkeley.edu/	United States
Center of AI-driven Drug Design (aiddd.ai)	AIDDD (AI Drug Discovery Development) | Advarra	https://www.advarra.com/event/aiddd-ai-drug-discovery-development/	
Ph.D. student	PhD Candidate vs Student: What's the Difference? | TGC	https://blog.thegradcafe.com/phd-candidate-vs-student/	
China university of petroleum (Beijing)	China University of Petroleum-Beijing - 中国石油大学(北京)	https://www.cup.edu.cn/english/	China
UC Berkeley Electrical Engineering and Computer Science	Home - EECS at Berkeley	https://eecs.berkeley.edu/	United States
PhD student at Mila/McGill	Research Master's and PhD - Mila	https://mila.quebec/en/prospective-students/research-masters-and-phd	
Queen Mary University	Queen Mary University of London	https://www.qmul.ac.uk/	United Kingdom
